,iso_code,date,total_cases,new_cases,new_cases_smoothed,total_deaths,new_deaths,new_deaths_smoothed,total_cases_per_million,new_cases_per_million,new_cases_smoothed_per_million,total_deaths_per_million,new_deaths_per_million,new_deaths_smoothed_per_million,reproduction_rate,icu_patients,icu_patients_per_million,hosp_patients,hosp_patients_per_million,weekly_icu_admissions,weekly_icu_admissions_per_million,weekly_hosp_admissions,weekly_hosp_admissions_per_million,new_tests,total_tests,total_tests_per_thousand,new_tests_per_thousand,new_tests_smoothed,new_tests_smoothed_per_thousand,positive_rate,tests_per_case,tests_units,total_vaccinations,people_vaccinated,people_fully_vaccinated,total_boosters,new_vaccinations,new_vaccinations_smoothed,total_vaccinations_per_hundred,people_vaccinated_per_hundred,people_fully_vaccinated_per_hundred,total_boosters_per_hundred,new_vaccinations_smoothed_per_million,new_people_vaccinated_smoothed,new_people_vaccinated_smoothed_per_hundred,stringency_index,population,population_density,median_age,aged_65_older,aged_70_older,gdp_per_capita,extreme_poverty,cardiovasc_death_rate,diabetes_prevalence,female_smokers,male_smokers,handwashing_facilities,hospital_beds_per_thousand,life_expectancy,human_development_index,excess_mortality_cumulative_absolute,excess_mortality_cumulative,excess_mortality,excess_mortality_cumulative_per_million
699,AFG,2022-01-23,159649.0,101.0,133.143,7393.0,3.0,2.0,4007.714,2.535,3.342,185.589,0.075,0.05,,,,,,,,,,,,,,,,,,,,,,,,,,,,,,,,,39835428.0,54.422,18.6,2.581,1.337,1803.987,,597.029,9.59,,,37.746,0.5,64.83,0.511,,,,
2109,ALB,2022-01-23,248070.0,1658.0,2204.714,3305.0,8.0,5.143,86347.267,577.11,767.409,1150.392,2.785,1.79,,,,,,,,,,,,,,,,,,,,,,,,,,,,,,,,,2872934.0,104.871,38.0,13.188,8.643,11803.431,1.1,304.195,10.08,7.1,51.2,,2.89,78.57,0.795,,,,
2808,DZA,2022-01-23,236670.0,2134.0,1516.143,6495.0,14.0,11.857,5304.525,47.83,33.982,145.574,0.314,0.266,,39.0,0.874,,,,,,,,,,,,,,,,,,,,,,,,,,,,,,44616626.0,17.348,29.1,6.211,3.857,13913.839,0.5,278.364,6.73,0.7,30.4,83.741,1.9,76.88,0.748,,,,
3501,AND,2022-01-23,33025.0,,,144.0,0.0,0.286,426933.32,,,1861.571,0.0,3.694,,,,,,,,,,,,,,,,,,,,,,,,,,,,,,,,,77354.0,163.755,,,,,,109.135,7.97,29.0,37.8,,,83.73,0.868,,,,
4176,AGO,2022-01-23,96582.0,680.0,412.571,1888.0,2.0,3.571,2846.205,20.039,12.158,55.638,0.059,0.105,,,,,,,,,,,,,,,,,,,,,,,,,,,,,,,,,33933611.0,23.89,16.8,2.405,1.362,5819.495,,276.045,3.94,,,26.664,,61.15,0.581,,,,
4843,AIA,2022-01-23,2187.0,0.0,11.143,7.0,0.0,0.0,144595.041,0.0,736.718,462.81,0.0,0.0,,,,,,,,,,,,,,,,,,,,,,,,,,,,,,,,,15125.0,,,,,,,,,,,,,81.88,,,,,
5525,ATG,2022-01-23,5931.0,,,122.0,0.0,0.286,60074.143,,,1235.718,0.0,2.894,,,,,,,,,,,,,,,,,,,,,,,,,,,,,,,,,98728.0,231.845,32.1,6.933,4.631,21490.943,,191.511,13.17,,,,3.8,77.02,0.778,,,,
6279,ARG,2022-01-23,7862536.0,69884.0,109667.286,119168.0,65.0,161.143,172402.02,1532.348,2404.677,2613.0,1.425,3.533,,,,,,,,,,,,,,,,,,,,,,,,,,,,,,,,,45605823.0,16.177,31.9,11.198,7.441,18933.907,0.6,191.032,5.5,16.2,27.7,,5.0,76.67,0.845,,,,
6973,ARM,2022-01-23,351711.0,814.0,584.857,8028.0,2.0,1.286,118495.9,274.247,197.046,2704.735,0.674,0.433,,,,,,,,,,,,,,,,,,,,,,,,,,,,,,,,,2968128.0,102.931,35.7,11.232,7.571,8787.58,1.8,341.01,7.11,1.5,52.1,94.043,4.2,75.09,0.776,,,,
7655,ABW,2022-01-23,32322.0,102.0,235.0,191.0,4.0,1.0,301525.258,951.537,2192.266,1781.8,37.315,9.329,,,,,,,,,,,,,,,,,,,166004.0,86373.0,79631.0,,301.0,189.0,154.86,80.58,74.29,,1763.0,157.0,0.146,,107195.0,584.8,41.2,13.085,7.452,35973.781,,,11.62,,,,,76.29,,,,,
9117,AUS,2022-01-23,2229104.0,32234.0,63299.571,3148.0,27.0,65.143,86438.857,1249.951,2454.593,122.071,1.047,2.526,,394.0,15.278,5173.0,200.595,,,,,,,,,,,,,,48010195.0,21352957.0,20110855.0,6546383.0,120557.0,282247.0,186.17,82.8,77.98,25.39,10945.0,59214.0,0.23,,25788217.0,3.202,37.9,15.504,10.129,44648.71,0.5,107.791,5.07,13.0,16.5,,3.84,83.44,0.944,,,,
9816,AUT,2022-01-23,1600041.0,22453.0,22350.286,13991.0,6.0,10.143,176935.559,2482.895,2471.537,1547.151,0.663,1.122,,190.0,21.011,1139.0,125.953,,,,,,,,,,,,,,,,,,,,,,,,,,,,9043072.0,106.749,44.4,19.202,13.748,45436.686,0.7,145.183,6.35,28.4,30.9,,7.37,81.54,0.922,,,,
10510,AZE,2022-01-23,633731.0,1697.0,1143.571,8610.0,13.0,12.714,61988.621,165.993,111.859,842.19,1.272,1.244,,,,,,,,,,,,,,,,,,,11813840.0,5214124.0,4729272.0,1870444.0,22586.0,20251.0,115.56,51.0,46.26,18.3,1981.0,1971.0,0.019,,10223344.0,119.309,32.4,6.018,3.871,15847.419,,559.812,7.11,0.3,42.5,83.241,4.7,73.0,0.756,,,,
11189,BHS,2022-01-23,32068.0,69.0,174.0,729.0,0.0,1.429,80793.32,173.841,438.382,1836.67,0.0,3.599,,,,,,,,,,,,,,,,,,,,,,,,,,,,,,,,,396914.0,39.497,34.3,8.996,5.2,27717.847,,235.954,13.17,3.1,20.4,,2.9,73.92,0.814,,,,
11889,BHR,2022-01-23,330621.0,3155.0,3230.429,1399.0,0.0,0.143,189110.533,1804.615,1847.759,800.208,0.0,0.082,,,,,,,,,,,,,,,,,,,3329649.0,1212541.0,1191589.0,925519.0,5013.0,3335.0,190.45,69.36,68.16,52.94,1908.0,348.0,0.02,,1748295.0,1935.907,32.4,2.372,1.387,43290.705,,151.689,16.52,5.8,37.6,,2.0,77.29,0.852,,,,
12581,BGD,2022-01-23,1685136.0,10906.0,9632.143,28223.0,14.0,11.286,10132.896,65.579,57.919,169.708,0.084,0.068,,,,,,,,,,,,,,,,,,,,,,,,,,,,,,,,,166303494.0,1265.036,27.5,5.098,3.262,3523.984,14.8,298.003,8.38,1.0,44.7,34.808,0.8,72.59,0.632,,,,
13259,BRB,2022-01-23,39212.0,626.0,548.429,275.0,1.0,0.857,136290.962,2175.817,1906.199,955.83,3.476,2.979,,,,,,,,,,,,,,,,,,,,,,,,,,,,,,,,,287708.0,664.463,39.8,14.952,9.473,16978.068,,170.05,13.57,1.9,14.5,88.469,5.8,79.19,0.814,,,,
13955,BLR,2022-01-23,726860.0,1957.0,1602.429,5933.0,17.0,15.571,76974.504,207.246,169.697,628.305,1.8,1.649,,,,,,,,,,,,,,,,,,,,,,,,,,,,,,,,,9442867.0,46.858,40.3,14.799,9.788,17167.967,,443.129,5.18,10.5,46.1,,11.0,74.79,0.823,,,,
14675,BEL,2022-01-23,2697239.0,,,28780.0,,,231874.274,,,2474.138,,,,,,,,,,,,,,,,,,,,,,,,,,,,,,,,,,,11632334.0,375.564,41.8,18.571,12.849,42658.576,0.2,114.898,4.29,25.1,31.4,,5.64,81.63,0.931,,,,
15347,BLZ,2022-01-23,45753.0,,,616.0,0.0,1.143,112994.085,,,1521.307,0.0,2.822,,,,,,,,,,,,,,,,,,,,,,,,,,,,,,,,,404915.0,16.426,25.0,3.853,2.279,7824.362,,176.957,17.11,,,90.083,1.3,74.62,0.716,,,,
16026,BEN,2022-01-23,26309.0,,,163.0,0.0,0.143,2112.998,,,13.091,0.0,0.011,,,,,,,,,,,,,,,,,,,,,,,,,,,,,,,,,12451031.0,99.11,18.8,3.244,1.942,2064.236,49.6,235.848,0.99,0.6,12.3,11.035,0.5,61.77,0.545,,,,
16702,BMU,2022-01-23,9766.0,,,112.0,0.0,0.286,157282.742,,,1803.775,0.0,4.601,,,,,,,,,,,,,,,,,,,,,,,,,,,,,,,,,62092.0,1308.82,,,,50669.315,,139.547,13.0,,,,,82.59,,,,,
17391,BTN,2022-01-23,3649.0,92.0,103.0,3.0,0.0,0.0,4678.805,117.964,132.068,3.847,0.0,0.0,,,,,,,,,,,,,,,,,,,,,,,,,,,,,,,,,779900.0,21.188,28.6,4.885,2.977,8708.597,1.5,217.066,9.75,,,79.807,1.7,71.78,0.654,,,,
18075,BOL,2022-01-23,804677.0,,,20570.0,,,68003.157,,,1738.368,,,,,,,,,,,,,,,,,,,,,,,,,,,,,,,,,,,11832936.0,10.202,25.4,6.704,4.393,6885.829,7.1,204.299,6.89,,,25.383,1.1,71.51,0.718,,,,
18737,BES,2022-01-23,6419.0,139.0,122.571,27.0,0.0,0.143,242730.195,5256.192,4634.957,1020.987,0.0,5.402,,,,,,,,,,,,,,,,,,,,,,,,,,,,,,,,,26445.0,,,,,,,,,,,,,77.79,,,,,
19427,BIH,2022-01-23,329569.0,,,13984.0,,,100987.633,,,4285.024,,,,,,,,,,,,,,,,,,,,,,,,,,,,,,,,,,,3263459.0,68.496,42.5,16.569,10.711,11713.895,0.2,329.635,10.08,30.2,47.7,97.164,3.5,77.4,0.78,,,,
20092,BWA,2022-01-23,243946.0,,,2544.0,,,101761.192,,,1061.22,,,,,,,,,,,,,,,,,,,,,,,,,,,,,,,,,,,2397240.0,4.044,25.8,3.941,2.242,15807.374,,237.372,4.81,5.7,34.4,,1.8,69.59,0.735,,,,
20790,BRA,2022-01-23,24054405.0,122796.0,148468.143,623370.0,179.0,291.857,112407.207,573.831,693.798,2913.033,0.836,1.364,,,,,,,,,,,,,,,,,,,352952210.0,168090877.0,148571660.0,41273385.0,207305.0,1371363.0,164.94,78.55,69.43,19.29,6408.0,142532.0,0.067,,213993441.0,25.04,33.5,8.552,5.06,14103.452,3.4,177.961,8.11,10.1,17.9,,2.2,75.88,0.765,,,,
21457,VGB,2022-01-23,5602.0,,,47.0,0.0,0.714,184137.002,,,1544.884,0.0,23.478,,,,,,,,,,,,,,,,,,,,,,,,,,,,,,,,,30423.0,207.973,,,,,,,13.67,,,,,79.07,,,,,
22143,BRN,2022-01-23,16084.0,0.0,41.0,98.0,0.0,0.0,36427.711,0.0,92.859,221.954,0.0,0.0,,,,,,,,,,,,,,,,,,,,,,,,,,,,,,,,,441532.0,81.347,32.4,4.591,2.382,71809.251,,201.285,12.79,2.0,30.9,,2.7,75.86,0.838,,,,
22830,BGR,2022-01-23,880228.0,2847.0,8517.143,32664.0,28.0,82.571,127631.149,412.809,1234.967,4736.209,4.06,11.973,,,,,,,,,,,,,,,,,,,4097359.0,,1976308.0,569133.0,1938.0,12906.0,59.41,,28.66,8.25,1871.0,,,,6896655.0,65.18,44.7,20.801,13.272,18563.307,1.5,424.688,5.81,30.1,44.4,,7.454,75.05,0.816,,,,
23515,BFA,2022-01-23,20514.0,0.0,45.571,353.0,,,954.268,0.0,2.12,16.421,,,,,,,,,,,,,,,,,,,,,,,,,,,,,,,,,,,21497097.0,70.151,17.6,2.409,1.358,1703.102,43.7,269.048,2.42,1.6,23.9,11.877,0.4,61.58,0.452,,,,
24179,BDI,2022-01-23,36868.0,0.0,87.286,38.0,0.0,0.0,3008.299,0.0,7.122,3.101,0.0,0.0,,,,,,,,,,,,,,,,,,,,,,,,,,,,,,,,,12255429.0,423.062,17.5,2.562,1.504,702.225,71.7,293.068,6.05,,,6.144,0.8,61.58,0.433,,,,
24907,KHM,2022-01-23,121026.0,26.0,32.857,3015.0,0.0,0.0,7141.674,1.534,1.939,177.913,0.0,0.0,,,,,,,,,,,,,,,,,,,32555191.0,14334165.0,13735381.0,5538796.0,62526.0,121275.0,192.11,84.59,81.05,32.68,7156.0,3610.0,0.021,,16946446.0,90.672,25.6,4.412,2.385,3645.07,,270.892,4.0,2.0,33.7,66.229,0.8,69.82,0.594,,,,
25596,CMR,2022-01-23,114113.0,,,1867.0,,,4191.592,,,68.579,,,,,,,,,,,,,,,,,,,,,,,,,,,,,,,,,,,27224262.0,50.885,18.8,3.165,1.919,3364.926,23.8,244.661,7.2,,,2.735,1.3,59.29,0.563,,,,
26325,CAN,2022-01-23,2885629.0,,,32294.0,,,75802.133,,,848.326,,,,1215.0,31.917,10350.0,271.883,,,,,,,,,,,,,,,,,,,,,,,,,,,75.46,38067913.0,4.037,41.4,16.984,10.797,44017.591,0.5,105.599,7.37,12.0,16.6,,2.5,82.43,0.929,,,,
27000,CPV,2022-01-23,55306.0,50.0,188.429,389.0,2.0,2.429,98426.591,88.984,335.341,692.293,3.559,4.322,,,,,,,,,,,,,,,,,,,,,,,,,,,,,,,,,561901.0,135.58,25.7,4.46,3.437,6222.554,,182.219,2.42,2.1,16.5,,2.1,72.98,0.665,,,,
27682,CYM,2022-01-23,13734.0,,,15.0,0.0,0.0,206532.527,,,225.571,0.0,0.0,,,,,,,,,,,,,,,,,,,,,,,,,,,,,,,,,66498.0,256.496,,,,49903.029,,,13.22,,,,,83.92,,,,,
28362,CAF,2022-01-23,13611.0,,,109.0,0.0,0.143,2766.471,,,22.155,0.0,0.029,,,,,,,,,,,,,,,,,,,,,,,,,,,,,,,,24.07,4919987.0,7.479,18.3,3.655,2.251,661.24,,435.727,6.1,,,16.603,1.0,53.28,0.397,,,,
29038,TCD,2022-01-23,6889.0,0.0,47.286,185.0,0.0,0.0,407.272,0.0,2.795,10.937,0.0,0.0,,,,,,,,,,,,,,,,,,,,,,,,,,,,,,,,,16914985.0,11.833,16.7,2.486,1.446,1768.153,38.4,280.995,6.1,,,5.818,,54.24,0.398,,,,
29739,CHL,2022-01-23,1965393.0,15718.0,12683.286,39512.0,15.0,16.857,102298.354,818.119,660.163,2056.593,0.781,0.877,,,,,,,,,,,,,,,,,,,,,,,,,,,,,,,,,19212362.0,24.282,35.4,11.087,6.938,22767.037,1.3,127.993,8.46,34.2,41.5,,2.11,80.18,0.851,,,,
30472,CHN,2022-01-23,105660.0,55.0,81.857,4636.0,0.0,0.0,73.161,0.038,0.057,3.21,0.0,0.0,,,,,,,,,,,,,,,,,,,2968121000.0,,,,3751000.0,4355571.0,205.52,,,,3016.0,,,79.17,1444216102.0,147.674,38.7,10.641,5.929,15308.712,0.7,261.899,9.74,1.9,48.4,,4.34,76.91,0.761,,,,
31161,COL,2022-01-23,5740179.0,26087.0,28054.714,132240.0,217.0,177.714,111968.884,508.857,547.24,2579.495,4.233,3.467,,,,,,,,,,,,,,,,,,,,,,,,,,,,,,,,,51265841.0,44.223,32.2,7.646,4.312,13254.949,4.5,124.24,7.44,4.7,13.5,65.386,1.71,77.29,0.767,,,,
31795,COM,2022-01-23,7812.0,11.0,8.0,159.0,0.0,0.0,8792.782,12.381,9.004,178.962,0.0,0.0,,,,,,,,,,,,,,,,,,,,,,,,,,,,,,,,,888456.0,437.352,20.4,2.963,1.726,1413.89,18.1,261.516,11.88,4.4,23.6,15.574,2.2,64.32,0.554,,,,
32475,COG,2022-01-23,23485.0,105.0,73.714,371.0,0.0,0.0,4151.481,18.561,13.031,65.582,0.0,0.0,,,,,,,,,,,,,,,,,,,,,,,,,,,,,,,,,5657017.0,15.405,19.0,3.402,2.063,4881.406,37.0,344.094,7.2,1.7,52.3,47.964,,64.57,0.574,,,,
32723,COK,2022-01-23,2.0,0.0,0.0,,,,113.817,0.0,0.0,,,,,,,,,,,,,,,,,,,,,,,,,,,,,,,,,,,,17572.0,,,,,,,,,,,,,76.25,,,,,
33412,CRI,2022-01-23,643496.0,,,7451.0,,,125216.844,,,1449.878,,,,,,,,,,,,,,,,,,,,,,,,,,,,,,,,,,,5139053.0,96.079,33.6,9.468,5.694,15524.995,1.3,137.973,8.78,6.4,17.4,83.841,1.13,80.28,0.81,,,,
34096,CIV,2022-01-23,80176.0,62.0,155.429,779.0,1.0,3.714,2963.595,2.292,5.745,28.795,0.037,0.137,,,,,,,,,,,,,,,,,,,,,,,,,,,,,,,,,27053629.0,76.399,18.7,2.933,1.582,3601.006,28.2,303.74,2.42,,,19.351,,57.78,0.538,,,,
34795,HRV,2022-01-23,877060.0,7095.0,8517.857,13407.0,36.0,41.286,214878.418,1738.265,2086.863,3284.695,8.82,10.115,,,,,,,,,,,,,,,,,,,,,,,,,,,,,,,,,4081657.0,73.726,44.0,19.724,13.053,22669.797,0.7,253.782,5.59,34.3,39.9,,5.54,78.49,0.851,,,,
35478,CUB,2022-01-23,1022112.0,3508.0,3274.143,8363.0,5.0,3.286,90312.541,309.963,289.299,738.944,0.442,0.29,,,,,,,,,,,,,,,,,,,,,,,,,,,,,,,,,11317498.0,110.408,43.1,14.738,9.719,,,190.968,8.27,17.1,53.3,85.198,5.2,78.8,0.783,,,,
36159,CUW,2022-01-23,36013.0,135.0,445.857,216.0,1.0,2.0,218530.79,819.195,2705.509,1310.711,6.068,12.136,,,,,,,,,,,,,,,,,,,238305.0,105785.0,97413.0,35107.0,129.0,388.0,144.61,64.19,59.11,21.3,2354.0,33.0,0.02,,164796.0,362.644,41.7,16.367,10.068,,,,11.62,,,,,78.88,,,,,
36846,CYP,2022-01-23,239073.0,1813.0,1905.0,712.0,3.0,4.429,266821.056,2023.426,2126.104,794.638,3.348,4.943,,,,,,,,,,,,,,,,,,,,,,,,,,,,,,,,,896005.0,127.657,37.3,13.416,8.563,32415.132,,141.171,9.24,19.6,52.7,,3.4,80.98,0.887,,,,
37540,CZE,2022-01-23,2750865.0,18412.0,22060.857,37034.0,13.0,25.857,256501.6,1716.808,2057.042,3453.198,1.212,2.411,,257.0,23.964,1448.0,135.017,,,,,,,,,,,,,,16789282.0,6909268.0,6753272.0,3534671.0,6142.0,42126.0,156.55,64.42,62.97,32.96,3928.0,2867.0,0.027,,10724553.0,137.176,43.3,19.027,11.58,32605.906,,227.485,6.82,30.5,38.3,,6.63,79.38,0.9,,,,
38224,COD,2022-01-23,84283.0,0.0,282.429,1278.0,,,912.371,0.0,3.057,13.834,,,,,,,,,,,,,,,,,,,,,,,,,,,,,,,,,,,92377986.0,35.879,17.0,3.02,1.745,808.133,77.1,318.949,6.1,,,4.472,,60.68,0.48,,,,
38946,DNK,2022-01-23,1397833.0,42018.0,38089.571,3608.0,12.0,16.286,240454.22,7227.906,6552.14,620.646,2.064,2.801,,42.0,7.225,813.0,139.852,,,1511.0,259.921,,,,,,,,,,,,,,,,,,,,,,,,5813302.0,136.52,42.3,19.677,12.325,46682.515,0.2,114.767,6.41,19.3,18.8,,2.5,80.9,0.94,,,,
39623,DJI,2022-01-23,15311.0,40.0,58.714,189.0,0.0,0.0,15277.435,39.912,58.586,188.586,0.0,0.0,,,,,,,,,,,,,,,,,,,,,,,,,,,,,,,,,1002197.0,41.285,25.4,4.213,2.38,2705.406,22.5,258.037,6.05,1.7,24.5,,1.4,67.11,0.524,,,,
40296,DMA,2022-01-23,8517.0,96.0,80.0,49.0,0.0,0.143,118009.754,1330.156,1108.463,678.934,0.0,1.979,,,,,,,,,,,,,,,,,,,,,,,,,,,,,,,,,72172.0,98.567,,,,9673.367,,227.376,11.62,,,,3.8,75.0,0.742,,,,
40990,DOM,2022-01-23,539580.0,2813.0,5856.714,4287.0,2.0,2.714,49260.004,256.808,534.678,391.374,0.183,0.248,,,,,,,,,,,,,,,,,,,,,,,,,,,,,,,,,10953714.0,222.873,27.6,6.981,4.419,14600.861,1.6,266.653,8.2,8.5,19.1,55.182,1.6,74.08,0.756,,,,
41684,ECU,2022-01-23,658045.0,,,34279.0,,,36785.977,,,1916.262,,,,,,,,,,,,,,,,,,,,,,,,,,,,,,,,,,,17888474.0,66.939,28.1,7.104,4.458,10581.936,3.6,140.448,5.55,2.0,12.3,80.635,1.5,77.01,0.759,,,,
42394,EGY,2022-01-23,410098.0,1603.0,1431.714,22368.0,38.0,31.429,3933.48,15.375,13.732,214.544,0.364,0.301,,,,,,,,,,,,,,,,,,,,,,,,,,,,,,,,,104258327.0,97.999,25.3,5.159,2.891,10550.206,1.3,525.432,17.31,0.2,50.1,89.827,1.6,71.99,0.707,,,,
43070,SLV,2022-01-23,127012.0,,,3855.0,4.0,3.0,19484.851,,,591.394,0.614,0.46,,,,,,,,,,,,,,,,,,,,,,,,,,,,,,,,,6518500.0,307.811,27.6,8.273,5.417,7292.458,2.2,167.295,8.87,2.5,18.8,90.65,1.3,73.32,0.673,,,,
43750,GNQ,2022-01-23,15690.0,,,179.0,0.0,0.143,10821.503,,,123.458,0.0,0.099,,,,,,,,,,,,,,,,,,,,,,,,,,,,,,,,,1449891.0,45.194,22.4,2.846,1.752,22604.873,,202.812,7.78,,,24.64,2.1,58.74,0.592,,,,
44424,ERI,2022-01-23,9297.0,47.0,55.286,93.0,2.0,0.857,2581.452,13.05,15.351,25.823,0.555,0.238,,,,,,,,,,,,,,,,,,,,,,,,,,,,,,,,,3601462.0,44.304,19.3,3.607,2.171,1510.459,,311.11,6.05,0.2,11.4,,0.7,66.32,0.459,,,,
45145,EST,2022-01-23,291426.0,3669.0,3475.857,2005.0,2.0,3.714,219912.948,2768.664,2622.916,1512.993,1.509,2.803,,,,,,,,,,,,,,,,,,,,,,,,,,,,,,,,,1325188.0,31.033,42.7,19.452,13.491,29481.252,0.5,255.569,4.02,24.5,39.3,,4.69,78.74,0.892,,,,
45826,SWZ,2022-01-23,68081.0,20.0,33.143,1369.0,2.0,0.857,58071.307,17.059,28.27,1167.721,1.706,0.731,,,,,,,,,,,,,,,,,,,,,,,,,,,,,,,,,1172369.0,79.492,21.5,3.163,1.845,7738.975,,333.436,3.94,1.7,16.5,24.097,2.1,60.19,0.611,,,,
46508,ETH,2022-01-23,462107.0,374.0,683.571,7244.0,8.0,13.857,3920.273,3.173,5.799,61.454,0.068,0.118,,,,,,,,,,,,,,,,,,,,,,,,,,,,,,,,,117876226.0,104.957,19.8,3.526,2.063,1729.927,26.7,182.634,7.47,0.4,8.5,7.96,0.3,66.6,0.485,,,,
48663,FRO,2022-01-23,14340.0,518.0,595.857,17.0,0.0,0.286,292336.86,10560.007,12147.211,346.564,0.0,5.825,,,,,,,,,,,,,,,,,,,,,,,,,,,,,,,,,49053.0,35.308,,,,,,,,,,,,80.67,,,,,
49323,FLK,2022-01-23,86.0,0.0,0.143,,,,24376.417,0.0,40.492,,,,,,,,,,,,,,,,,,,,,,,,,,,,,,,,,,,,3528.0,,,,,,,,,,,,,81.44,,,,,
50048,FJI,2022-01-23,60931.0,,,768.0,,,67483.738,,,850.593,,,,,,,,,,,,,,,,,,,,,,,,,,,,,,,,,,,902899.0,49.562,28.6,6.224,3.284,8702.975,1.4,412.82,14.49,10.2,34.8,,2.3,67.44,0.743,,,,
50774,FIN,2022-01-23,371135.0,0.0,0.0,1724.0,0.0,0.0,66890.925,0.0,0.0,310.722,0.0,0.0,,63.0,11.355,668.0,120.396,,,,,,,,,,,,,,,,,,,,,,,,,,,,5548361.0,18.136,42.8,21.228,13.264,40585.721,,153.507,5.76,18.3,22.6,,3.28,81.91,0.938,,,,
51505,FRA,2022-01-23,16743933.0,301614.0,360261.857,128695.0,115.0,239.857,248345.243,4473.525,5343.387,1908.798,1.706,3.558,,3760.0,55.768,28838.0,427.724,2039.0,30.242,18729.0,277.788,,,,,,,,,,,,,,,,,,,,,,,69.44,67422000.0,122.578,42.0,19.718,13.079,38605.671,,86.06,4.77,30.1,35.6,,5.98,82.66,0.901,,,,
52187,PYF,2022-01-23,47470.0,,,636.0,0.0,0.0,168015.177,,,2251.057,0.0,0.0,,,,,,,,,,,,,,,,,,,,,,,,,,,,,,,,,282534.0,77.324,32.7,7.775,4.593,,,,22.63,,,,,77.66,,,,,
52868,GAB,2022-01-23,45909.0,,,300.0,0.0,0.429,20145.873,,,131.647,0.0,0.188,,,,,,,,,,,,,,,,,,,,,,,,,,,,,,,,,2278829.0,7.859,23.1,4.45,2.976,16562.413,3.4,259.967,7.2,,,,6.3,66.47,0.703,,,,
53546,GMB,2022-01-23,11572.0,,,347.0,0.0,0.429,4653.113,,,139.529,0.0,0.172,,,,,,,,,,,,,,,,,,,,,,,,,,,,,,,,,2486937.0,207.566,17.5,2.339,1.417,1561.767,10.1,331.43,1.91,0.7,31.2,7.876,1.1,62.05,0.496,,,,
54244,GEO,2022-01-23,1051445.0,9696.0,7965.429,14701.0,28.0,36.0,264197.229,2436.32,2001.478,3693.929,7.036,9.046,,,,,,,,,,,,,,,,,,,,,,,,,,,,,,,,,3979773.0,65.032,38.7,14.864,10.244,9745.079,4.2,496.218,7.11,5.3,55.5,,2.6,73.77,0.812,,,,
54972,DEU,2022-01-23,8773030.0,56226.0,107384.429,116751.0,29.0,156.714,104564.729,670.151,1279.903,1391.542,0.346,1.868,,2428.0,28.939,,,1040.0,12.396,3412.0,40.667,,,,,,,,,,,,,,,,,,,,,,,,83900471.0,237.016,46.6,21.453,15.957,45229.245,,156.139,8.31,28.2,33.1,,8.0,81.33,0.947,,,,
55653,GHA,2022-01-23,155496.0,605.0,283.143,1367.0,10.0,3.429,4900.27,19.066,8.923,43.079,0.315,0.108,,,,,,,,,,,,,,,,,,,,,,,,,,,,,,,,,31732128.0,126.719,21.1,3.385,1.948,4227.63,12.0,298.245,4.97,0.3,7.7,41.047,0.9,64.07,0.611,,,,
56344,GIB,2022-01-23,11835.0,133.0,143.143,100.0,0.0,0.0,351280.757,3947.642,4248.697,2968.152,0.0,0.0,,,,,,,,,,,,,,,,,,,,,,,,,,,,,,,,,33691.0,3457.1,,,,,,,,,,,,79.93,,,,,
57045,GRC,2022-01-23,1793311.0,12108.0,18920.0,22635.0,86.0,93.0,172920.138,1167.515,1824.362,2182.581,8.293,8.968,,,,,,,,,,,,,,,,,,,18828775.0,7701635.0,7231570.0,4612938.0,27016.0,63210.0,181.56,74.26,69.73,44.48,6095.0,10896.0,0.105,,10370747.0,83.479,45.3,20.396,14.524,24574.382,1.5,175.695,4.55,35.3,52.0,,4.21,82.24,0.888,,,,
57724,GRL,2022-01-23,9485.0,0.0,230.571,4.0,0.0,0.143,166789.759,0.0,4054.502,70.338,0.0,2.512,,,,,,,,,,,,,,,,,,,,,,,,,,,,,,,,,56868.0,0.137,,,,,,199.941,2.16,,,,,71.7,,,,,
58397,GRD,2022-01-23,11344.0,154.0,234.714,205.0,0.0,0.286,100376.056,1362.651,2076.842,1813.919,0.0,2.528,,,,,,,,,,,,,,,,,,,,,,,,,,,,,,,,,113015.0,317.132,29.4,7.304,5.021,13593.877,,243.964,10.71,,,,3.7,72.4,0.779,,,,
59104,GTM,2022-01-23,669830.0,818.0,2379.857,16268.0,5.0,13.143,36703.279,44.822,130.404,891.404,0.274,0.72,,,,,,,,,,,,,,,,,,,,,,,,,,,,,,,,,18249868.0,157.834,22.9,4.694,3.016,7423.808,8.7,155.898,10.18,,,76.665,0.6,74.3,0.663,,,,
60145,GIN,2022-01-23,35857.0,,,414.0,0.0,1.143,2656.618,,,30.673,0.0,0.085,,,,,,,,,,,,,,,,,,,,,,,,,,,,,,,,,13497237.0,51.755,19.0,3.135,1.733,1998.926,35.3,336.717,2.42,,,17.45,0.3,61.6,0.477,,,,
60815,GNB,2022-01-23,7284.0,0.0,40.0,154.0,1.0,0.286,3614.009,0.0,19.846,76.408,0.496,0.142,,,,,,,,,,,,,,,,,,,,,,,,,,,,,,,,,2015490.0,66.191,19.4,3.002,1.565,1548.675,67.1,382.474,2.42,,,6.403,,58.32,0.48,,,,
61498,GUY,2022-01-23,57227.0,642.0,860.571,1134.0,4.0,5.571,72409.085,812.32,1088.877,1434.845,5.061,7.05,,,,,,,,,,,,,,,,,,,,,,,,,,,,,,,,,790329.0,3.952,26.3,5.305,2.837,7435.047,,373.159,11.62,,,77.159,1.6,69.91,0.682,,,,
62173,HTI,2022-01-23,28471.0,119.0,198.429,783.0,0.0,0.429,2466.798,10.31,17.192,67.841,0.0,0.037,,,,,,,,,,,,,,,,,,,,,,,,,,,,,,,,,11541683.0,398.448,24.3,4.8,2.954,1653.173,23.5,430.548,6.65,2.9,23.1,22.863,0.7,64.0,0.51,,,,
63590,HND,2022-01-23,387515.0,,,10468.0,,,38508.917,,,1040.247,,,,,,,,,,,,,,,,,,,,,,,,,,,,,,,,,,,10062994.0,82.805,24.9,4.652,2.883,4541.795,16.0,240.208,7.21,2.0,,84.169,0.7,75.27,0.634,,,,
64322,HKG,2022-01-23,13034.0,102.0,24.286,213.0,0.0,0.0,1725.718,13.505,3.215,28.201,0.0,0.0,,,,,,,,,,,,,,,,,,,10789987.0,5246129.0,4751130.0,792728.0,31938.0,39453.0,142.86,69.46,62.91,10.5,5224.0,16119.0,0.213,,7552800.0,7039.714,44.8,16.303,10.158,56054.92,,,8.33,,,,,84.86,0.949,,,,
65014,HUN,2022-01-23,1401457.0,,,40822.0,,,145467.452,,,4237.213,,,,,,,,,,,,,,,,,,,,,,,,,,,,,,,,,,,9634162.0,108.043,43.4,18.577,11.976,26777.561,0.5,278.296,7.55,26.8,34.8,,7.02,76.88,0.854,,,,
65711,ISL,2022-01-23,54579.0,,,44.0,0.0,0.0,147993.991,,,119.308,0.0,0.0,,,,,,,,,,,,,,,,,,,,,,,,,,,,,,,,40.74,368792.0,3.404,37.3,14.431,9.207,46482.958,0.2,117.992,5.31,14.3,15.2,,2.91,82.99,0.949,,,,
66436,IND,2022-01-23,39543328.0,306064.0,309010.714,489848.0,439.0,485.286,28378.837,219.651,221.766,351.546,0.315,0.348,,,,,,,,,,,,,,,,,,,1622210924.0,929971622.0,684436700.0,7802602.0,5122818.0,7359274.0,116.42,66.74,49.12,0.56,5281.0,2797940.0,0.201,,1393409033.0,450.419,28.2,5.989,3.414,6426.674,21.2,282.28,10.39,1.9,20.6,59.55,0.53,69.66,0.645,,,,
67129,IDN,2022-01-23,4286378.0,2925.0,2104.143,144220.0,14.0,7.143,15510.024,10.584,7.614,521.852,0.051,0.026,,,,,,,,,,,,,,,,,,,305212127.0,181131333.0,,,715191.0,1309087.0,110.44,65.54,,,4737.0,689906.0,0.25,,276361788.0,145.725,29.3,5.319,3.053,11188.744,5.7,342.864,6.32,2.8,76.1,64.204,1.04,71.72,0.718,,,,
68551,IRN,2022-01-23,6250490.0,5144.0,4208.143,132230.0,28.0,22.143,73510.304,60.497,49.491,1555.121,0.329,0.26,,,,,,,,,,,,,,,,,,,128640395.0,60490309.0,53586646.0,14563440.0,387571.0,381031.0,151.29,71.14,63.02,17.13,4481.0,24172.0,0.028,,85028760.0,49.831,32.4,5.44,3.182,19082.62,0.2,270.308,9.59,0.8,21.1,,1.5,76.68,0.783,,,,
69251,IRQ,2022-01-23,2154237.0,4931.0,5703.429,24287.0,4.0,5.714,52313.525,119.744,138.502,589.786,0.097,0.139,,,,,,,,,,,,,,,,,,,,,,,,,,,,,,,,68.52,41179351.0,88.125,20.0,3.186,1.957,15663.986,2.5,218.612,8.83,,,94.576,1.4,70.6,0.674,,,,
69946,IRL,2022-01-23,1145968.0,4731.0,6068.429,6087.0,,,229979.947,949.446,1217.85,1221.577,,,,,,,,,,,,,,,,,,,,,,,,,,,,,,,,,,,4982904.0,69.874,38.7,13.928,8.678,67335.293,0.2,126.459,3.28,23.0,25.7,,2.96,82.3,0.955,,,,
70621,IMN,2022-01-23,20425.0,,,70.0,0.0,0.0,239140.616,,,819.576,0.0,0.0,,,,,,,,,,,,,,,,,,,,,,,,,,,,,,,,,85410.0,147.872,,,,,,,,,,,,81.4,,,,,
71325,ISR,2022-01-23,2212589.0,,,8393.0,,,238143.257,,,903.347,,,,798.0,85.89,2599.0,279.733,1054.0,113.443,,,,,,,,,,,,,,,,,,,,,,,,,,9291000.0,402.606,30.6,11.733,7.359,33132.32,0.5,93.32,6.74,15.4,35.4,,2.99,82.97,0.919,,,,
72049,ITA,2022-01-23,9923678.0,142487.0,173823.286,143523.0,227.0,345.571,164387.837,2360.327,2879.42,2377.489,3.76,5.724,,1685.0,27.912,21312.0,353.038,962.0,15.936,,,,,,,,,,,,124160456.0,49815279.0,45617525.0,30231332.0,334577.0,554029.0,205.67,82.52,75.57,50.08,9178.0,55326.0,0.092,,60367471.0,205.859,47.9,23.021,16.24,35220.084,2.0,113.151,4.78,19.8,27.8,,3.18,83.51,0.892,,,,
72733,JAM,2022-01-23,119565.0,838.0,1049.571,2594.0,22.0,9.143,40210.704,281.826,352.98,872.384,7.399,3.075,,,,,,,,,,,,,,,,,,,1283812.0,738263.0,610503.0,17736.0,,3107.0,43.18,24.83,20.53,0.6,1045.0,1079.0,0.036,,2973462.0,266.879,31.4,9.684,6.39,8193.571,,206.537,11.28,5.3,28.6,66.425,1.7,74.47,0.734,,,,
73466,JPN,2022-01-23,2175719.0,49837.0,42034.0,18507.0,14.0,11.143,17260.653,395.372,333.469,146.822,0.111,0.088,,,,,,,,,,,,,,,,,,,203348494.0,101327038.0,99657461.0,2363995.0,,175639.0,161.32,80.39,79.06,1.88,1393.0,15809.0,0.013,47.22,126050796.0,347.778,48.2,27.049,18.493,39002.223,,79.37,5.72,11.2,33.7,,13.05,84.63,0.919,,,,
74467,JOR,2022-01-23,1141048.0,6951.0,5725.857,13073.0,11.0,12.429,111115.547,676.89,557.585,1273.052,1.071,1.21,,,,,,,,,,,,,,,,,,,,,,,,,,,,,,,,34.26,10269022.0,109.285,23.2,3.81,2.361,8337.49,0.1,208.257,11.75,,,,1.4,74.53,0.729,,,,
75149,KAZ,2022-01-23,1243220.0,11364.0,13865.0,18357.0,0.0,9.143,65450.0,598.264,729.931,966.414,0.0,0.481,,,,,,,,,,,,,,,,,,,17807668.0,9122455.0,8685213.0,,13086.0,18784.0,93.75,48.03,45.72,,989.0,9037.0,0.048,,18994958.0,6.681,30.6,6.991,4.625,24055.588,0.1,466.792,7.11,7.0,43.1,98.999,6.7,73.6,0.825,,,,
75838,KEN,2022-01-23,320229.0,91.0,370.714,5554.0,23.0,9.429,5823.859,1.655,6.742,101.008,0.418,0.171,,,,,,,,,,,,,,,,,,,11542128.0,6344094.0,5082976.0,115058.0,19178.0,66612.0,20.99,11.54,9.24,0.21,1211.0,16344.0,0.03,,54985702.0,87.324,20.0,2.686,1.528,2993.028,36.8,218.637,2.92,1.2,20.4,24.651,1.4,66.7,0.601,,,,
76089,KIR,2022-01-23,2.0,0.0,0.0,,,,16.476,0.0,0.0,,,,,,,,,,,,,,,,,,,,,,,,,,,,,,,,,,,,121388.0,143.701,23.2,3.895,2.21,1981.132,,434.657,22.66,35.9,58.9,,1.9,68.37,0.63,,,,
76770,OWID_KOS,2022-01-23,181446.0,2957.0,2187.429,2998.0,1.0,0.571,101814.978,1659.264,1227.434,1682.271,0.561,0.321,,,,,,,,,,,,,,,,,,,1745974.0,944693.0,801281.0,,3935.0,4250.0,97.97,53.01,44.96,,2385.0,3500.0,0.196,,1782115.0,168.155,,,,9795.834,0.6,,,,,,,,,,,,
77470,KWT,2022-01-23,497454.0,4347.0,4589.0,2486.0,1.0,1.429,114923.856,1004.262,1060.17,574.326,0.231,0.33,,,,,,,,,,,,,,,,,,,,,,,,,,,,,,,,,4328553.0,232.128,33.7,2.345,1.114,65530.537,,132.235,15.84,2.7,37.0,,2.0,75.49,0.806,,,,
78147,KGZ,2022-01-23,195394.0,787.0,815.286,2849.0,3.0,2.714,29478.541,118.732,123.0,429.821,0.453,0.409,,,,,,,,,,,,,,,,,,,2419611.0,1299559.0,1008173.0,,4248.0,9567.0,36.5,19.61,15.21,,1443.0,4291.0,0.065,,6628347.0,32.333,26.3,4.489,2.882,3393.474,1.4,436.362,7.11,3.6,50.5,89.22,4.5,71.45,0.697,,,,
78818,LAO,2022-01-23,129953.0,417.0,746.0,526.0,2.0,4.429,17610.34,56.509,101.093,71.28,0.271,0.6,,,,,,,,,,,,,,,,,,,,,,,,,,,,,,,,,7379358.0,29.715,24.4,4.029,2.322,6397.36,22.7,368.111,4.0,7.3,51.2,49.839,1.5,67.92,0.613,,,,
79516,LVA,2022-01-23,335541.0,4753.0,4535.286,4795.0,2.0,9.286,179728.367,2545.885,2429.269,2568.382,1.071,4.974,,,,,,,,,,,,,,,,,,,2741747.0,1332863.0,1282545.0,409651.0,991.0,6904.0,146.86,71.39,68.7,21.94,3698.0,675.0,0.036,35.19,1866934.0,31.212,43.9,19.754,14.136,25063.846,0.7,350.06,4.91,25.6,51.0,,5.57,75.29,0.866,,,,
80219,LBN,2022-01-23,865229.0,6381.0,6437.0,9487.0,13.0,14.857,127819.427,942.659,950.932,1401.505,1.92,2.195,,,,,,,,,,,,,,,,,,,4785351.0,2412182.0,1964345.0,408824.0,2438.0,11510.0,70.69,35.63,29.02,6.04,1700.0,2254.0,0.033,35.19,6769151.0,594.561,31.1,8.514,5.43,13367.565,,266.591,12.71,26.9,40.7,,2.9,78.93,0.744,,,,
80840,LSO,2022-01-23,32049.0,150.0,45.0,690.0,0.0,0.429,14843.912,69.474,20.842,319.582,0.0,0.198,,,,,,,,,,,,,,,,,,,,,,,,,,,,,,,,,2159067.0,73.562,22.2,4.506,2.647,2851.153,59.6,405.126,3.94,0.4,53.9,2.117,,54.33,0.527,,,,
81518,LBR,2022-01-23,7208.0,0.0,12.429,288.0,0.0,0.143,1391.45,0.0,2.399,55.596,0.0,0.028,,,,,,,,,,,,,,,,,,,,,,,,,,,,,,,,,5180208.0,49.127,19.2,3.057,1.756,752.788,38.6,272.509,2.42,1.5,18.1,1.188,0.8,64.1,0.48,,,,
82209,LBY,2022-01-23,405425.0,2281.0,1158.0,5921.0,14.0,11.429,58262.957,327.799,166.414,850.897,2.012,1.642,,,,,,,,,,,,,,,,,,,,,,,,,,,,,,,,,6958538.0,3.623,29.0,4.424,2.816,17881.509,,341.862,10.43,,,,3.7,72.91,0.724,,,,
82900,LIE,2022-01-23,7838.0,0.0,91.0,73.0,0.0,0.143,204893.606,0.0,2378.836,1908.297,0.0,3.734,,,,,,,,,,,,,,,,,,,,,,,,,,,,,,,,,38254.0,237.012,,,,,,,7.77,,,,2.397,82.49,0.919,,,,
83595,LTU,2022-01-23,608558.0,6938.0,5805.286,7758.0,10.0,14.857,226241.346,2579.314,2158.209,2884.163,3.718,5.523,,,,,,,,,,,,,,,,,,,,,,,,,,,,,,,,46.3,2689862.0,45.135,43.5,19.002,13.778,29524.265,0.7,342.989,3.67,21.3,38.0,,6.56,75.93,0.882,,,,
85729,LUX,2022-01-23,137570.0,,,943.0,0.0,1.286,216709.146,,,1485.474,0.0,2.025,,,,,,,,,,,,,,,,,,,,,,,,,,,,,,,,,634814.0,231.447,39.7,14.312,9.842,94277.965,0.2,128.275,4.42,20.9,26.0,,4.51,82.25,0.916,,,,
86462,MAC,2022-01-23,79.0,0.0,0.0,,,,119.989,0.0,0.0,,,,,,,,,,,,,,,,,,,,,,1026051.0,504721.0,473452.0,,2562.0,2592.0,155.84,76.66,71.91,,3937.0,609.0,0.092,,658391.0,20546.766,39.2,9.798,4.991,104861.851,,,,,,,,84.24,,,,,
87137,MDG,2022-01-23,57375.0,,,1223.0,,,2018.304,,,43.022,,,,,,,,,,,,,,,,,,,,,,,,,,,,,,,,,,,28427333.0,43.951,19.6,2.929,1.686,1416.44,77.6,405.994,3.94,,,50.54,0.2,67.04,0.528,,,,
87803,MWI,2022-01-23,83823.0,58.0,157.714,2523.0,4.0,8.143,4266.305,2.952,8.027,128.412,0.204,0.414,,,,,,,,,,,,,,,,,,,,,,,,,,,,,,,,,19647681.0,197.519,18.1,2.979,1.783,1095.042,71.4,227.349,3.94,4.4,24.7,8.704,1.3,64.26,0.483,,,,
88534,MYS,2022-01-23,2832945.0,3856.0,3514.0,31892.0,10.0,14.143,86433.004,117.646,107.212,973.023,0.305,0.431,,143.0,4.363,1976.0,60.288,,,2149.0,65.566,,,,,,,,,,62251745.0,26057672.0,25696249.0,10701460.0,131168.0,192858.0,189.93,79.5,78.4,32.65,5884.0,1538.0,0.005,,32776195.0,96.254,29.9,6.293,3.407,26808.164,0.1,260.942,16.74,1.0,42.4,,1.9,76.16,0.81,,,,
89221,MDV,2022-01-23,117461.0,2484.0,1982.857,270.0,1.0,0.714,216071.888,4569.368,3647.506,496.67,1.84,1.314,,,,,,,,,,,,,,,,,,,,,,,,,,,,,,,,,543620.0,1454.433,30.6,4.12,2.875,15183.616,,164.905,9.19,2.1,55.0,95.803,,78.92,0.74,,,,
89891,MLI,2022-01-23,29677.0,80.0,156.0,705.0,1.0,2.0,1422.967,3.836,7.48,33.804,0.048,0.096,,,,,,,,,,,,,,,,,,,,,,,,,,,,,,,,,20855724.0,15.196,16.4,2.519,1.486,2014.306,,268.024,2.42,1.6,23.0,52.232,0.1,59.31,0.434,,,,
90581,MLT,2022-01-23,65869.0,273.0,308.429,532.0,7.0,3.714,127628.367,528.967,597.614,1030.808,13.563,7.197,,,,,,,,,,,,,,,,,,,,,,,,,,,,,,,,,516100.0,1454.037,42.4,19.426,11.324,36513.323,0.2,168.711,8.83,20.9,30.2,,4.485,82.53,0.895,,,,
91034,MHL,2022-01-23,7.0,0.0,0.0,,,,117.414,0.0,0.0,,,,,,,,,,,,,,,,,,,,,,,,,,,,,,,,,,,,59618.0,295.15,,,,3819.202,,557.793,30.53,,,82.502,2.7,73.7,0.704,,,,
91715,MRT,2022-01-23,57384.0,212.0,341.857,927.0,3.0,2.714,12017.315,44.397,71.591,194.132,0.628,0.568,,,,,,,,,,,,,,,,,,,,,,,,,,,,,,,,,4775110.0,4.289,20.3,3.138,1.792,3597.633,6.0,232.347,2.42,,,15.95,,64.92,0.546,,,,
92392,MUS,2022-01-23,25159.0,,,240.0,0.0,0.0,19756.908,,,188.468,0.0,0.0,,,,,,,,,,,,,,,,,,,,,,,,,,,,,,,,,1273428.0,622.962,37.4,10.945,5.884,20292.745,0.5,224.644,22.02,3.2,40.7,,3.4,74.99,0.804,,,,
93146,MEX,2022-01-23,4667829.0,72240.0,42787.857,303183.0,462.0,253.286,35834.097,554.574,328.475,2327.482,3.547,1.944,,,,,,,,,,,,,,,,,,,160480629.0,83323226.0,76519923.0,,,656879.0,123.2,63.97,58.74,,5043.0,60709.0,0.047,,130262220.0,66.444,29.3,6.857,4.321,17336.469,2.5,152.783,13.06,6.9,21.4,87.847,1.38,75.05,0.779,,,,
93514,FSM,2022-01-23,1.0,0.0,0.0,,,,8.602,0.0,0.0,,,,,,,,,,,,,,,,,,,,,,,,,,,,,,,,,,,,116255.0,150.777,23.0,4.81,2.392,3299.464,16.0,454.343,12.02,,,,,67.88,0.62,,,,
94201,MDA,2022-01-23,409397.0,2394.0,2919.714,10522.0,9.0,11.143,101738.185,594.927,725.571,2614.795,2.237,2.769,,,,,,,,,,,,,,,,,,,1885107.0,,1005181.0,,,6511.0,46.85,,24.98,,1618.0,,,,4024025.0,123.655,37.6,10.864,6.955,5189.972,0.2,408.502,5.72,5.9,44.6,86.979,5.8,71.9,0.75,,,,
94896,MCO,2022-01-23,7583.0,132.0,118.143,45.0,0.0,0.143,191877.53,3340.081,2989.445,1138.664,0.0,3.615,,,,,,,,,,,,,,,,,,,,,,,,,,,,,,,,,39520.0,19347.5,,,,,,,5.46,,,,13.8,86.75,,,,,
95581,MNG,2022-01-23,428350.0,2089.0,2733.571,2094.0,0.0,1.143,128661.375,627.463,821.069,628.964,0.0,0.343,,,,,,,,,,,,,,,,,,,5432373.0,2268885.0,2169484.0,994004.0,1690.0,4190.0,163.17,68.15,65.16,29.86,1259.0,136.0,0.004,37.5,3329282.0,1.98,28.6,4.031,2.421,11840.846,0.5,460.043,4.82,5.5,46.5,71.18,7.0,69.87,0.737,,,,
96259,MNE,2022-01-23,213140.0,996.0,1342.0,2513.0,6.0,5.571,339367.344,1585.858,2136.769,4001.267,9.553,8.871,,,,,,,,,,,,,,,,,,,650502.0,286349.0,276883.0,87270.0,341.0,631.0,103.57,45.59,44.09,13.9,1005.0,100.0,0.016,,628051.0,46.28,39.1,14.762,9.395,16409.288,1.0,387.305,10.08,44.0,47.9,,3.861,76.88,0.829,,,,
96936,MSR,2022-01-23,155.0,0.0,2.286,1.0,0.0,0.0,31118.249,0.0,458.887,200.763,0.0,0.0,,,,,,,,,,,,,,,,,,,,,,,,,,,,,,,,,4981.0,,,,,,,,,,,,,74.16,,,,,
97653,MAR,2022-01-23,1098413.0,4435.0,7108.571,15132.0,19.0,22.286,29412.753,118.758,190.35,405.197,0.509,0.597,,,,,,,,,,,,,,,,,,,,,,,,,,,,,,,,,37344787.0,80.08,29.6,6.769,4.209,7485.013,1.0,419.146,7.14,0.8,47.1,,1.1,76.68,0.686,,,,
98326,MOZ,2022-01-23,222596.0,181.0,502.143,2157.0,4.0,4.286,6920.862,5.628,15.612,67.065,0.124,0.133,,,,,,,,,,,,,,,,,,,,,,,,,,,,,,,,,32163045.0,37.728,17.7,3.158,1.87,1136.103,62.9,329.942,3.3,5.1,29.1,12.227,0.7,60.85,0.456,,,,
98994,MMR,2022-01-23,534071.0,112.0,132.429,19310.0,1.0,1.143,9744.752,2.044,2.416,352.334,0.018,0.021,,,,,,,,,,,,,,,,,,,,,,,,,,,,,,,,,54806014.0,81.721,29.1,5.732,3.12,5591.597,6.4,202.104,4.61,6.3,35.2,79.287,0.9,67.13,0.583,,,,
99675,NAM,2022-01-23,155255.0,57.0,125.286,3914.0,,,60005.55,22.03,48.423,1512.748,,,,,,,,,,,,,,,,,,,,,,,,,,,,,,,,,,23.15,2587344.0,3.078,22.0,3.552,2.085,9541.808,13.4,243.811,3.94,9.7,34.2,44.6,,63.71,0.646,,,,
100691,NPL,2022-01-23,910394.0,5598.0,8093.714,11655.0,4.0,5.0,30678.903,188.644,272.746,392.756,0.135,0.168,,,,,,,,,,,,,,,,,,,,,,,,,,,,,,,,,29674920.0,204.43,25.0,5.809,3.212,2442.804,15.0,260.797,7.26,9.5,37.8,47.782,0.3,70.78,0.602,,,,
101388,NLD,2022-01-23,3898745.0,65372.0,45888.0,21289.0,2.0,8.429,227026.359,3806.652,2672.087,1239.672,0.116,0.491,,275.0,16.013,818.0,47.633,68.0,3.96,756.0,44.022,,,,,,,,,,,,,,,,,,,,,,,,17173094.0,508.544,43.2,18.779,11.881,48472.545,,109.361,5.29,24.4,27.3,,3.32,82.28,0.944,,,,
102064,NCL,2022-01-23,15195.0,,,282.0,0.0,0.143,52720.693,,,978.429,0.0,0.496,,,,,,,,,,,,,,,,,,,,,,,,,,,,,,,,,288217.0,15.342,33.4,9.954,6.489,,,,23.36,,,,,77.55,,,,,
102760,NZL,2022-01-23,15625.0,75.0,71.143,52.0,0.0,0.0,3048.007,14.63,13.878,10.144,0.0,0.0,,,,,,,,,,,,,,,,,,,8940295.0,3996347.0,3911109.0,1032839.0,,38098.0,174.4,77.96,76.29,20.15,7432.0,1040.0,0.02,,5126300.0,18.206,37.9,15.322,9.72,36085.843,,128.797,8.08,14.8,17.2,,2.61,82.29,0.931,,,,
103436,NIC,2022-01-23,17604.0,0.0,5.857,219.0,0.0,0.143,2626.53,0.0,0.874,32.675,0.0,0.021,,,,,,,,,,,,,,,,,,,,,,,,,,,,,,,,,6702379.0,51.667,27.3,5.445,3.519,5321.444,3.2,137.016,11.47,,,,0.9,74.48,0.66,,,,
104111,NER,2022-01-23,8542.0,0.0,22.286,295.0,0.0,0.429,339.901,0.0,0.887,11.739,0.0,0.017,,,,,,,,,,,,,,,,,,,,,,,,,,,,,,,,,25130810.0,16.955,15.1,2.553,1.378,926.0,44.5,238.339,2.42,0.1,15.4,8.978,0.3,62.42,0.394,,,,
104807,NGA,2022-01-23,252187.0,228.0,179.714,3124.0,0.0,3.0,1192.934,1.079,0.85,14.778,0.0,0.014,,,,,,,,,,,,,,,,,,,,,,,,,,,,,,,,,211400704.0,209.588,18.1,2.751,1.447,5338.454,,181.013,2.42,0.6,10.8,41.949,,54.69,0.539,,,,
106281,MKD,2022-01-23,256281.0,1424.0,1664.143,8218.0,20.0,16.857,123054.592,683.741,799.046,3945.913,9.603,8.094,,,,,,,,,,,,,,,,,,,,,,,,,,,,,,,,,2082661.0,82.6,39.1,13.26,8.16,13111.214,5.0,322.688,10.08,,,,4.28,75.8,0.774,,,,
107297,NOR,2022-01-23,622596.0,12646.0,15743.286,1414.0,0.0,4.714,113911.134,2313.732,2880.416,258.708,0.0,0.863,,,,,,,,,,,,,,,,,,,,,,,,,,,,,,,,,5465629.0,14.462,39.7,16.821,10.813,64800.057,0.2,114.316,5.31,19.6,20.7,,3.6,82.4,0.957,,,,
108727,OMN,2022-01-23,322438.0,4166.0,1430.429,4128.0,3.0,0.857,61729.808,797.568,273.851,790.293,0.574,0.164,,,,,,,,,,,,,,,,,,,,,,,,,,,,,,,,,5223376.0,14.98,30.7,2.355,1.53,37960.709,,266.342,12.61,0.5,15.6,97.4,1.6,77.86,0.813,,,,
109426,PAK,2022-01-23,1374800.0,7195.0,6616.143,29105.0,8.0,12.286,6104.798,31.949,29.379,129.241,0.036,0.055,,,,,,,,,,,,,,,,,,,,,,,,,,,,,,,,,225199929.0,255.573,23.5,4.495,2.78,5034.708,4.0,423.031,8.35,2.8,36.7,59.607,0.6,67.27,0.557,,,,
109581,PLW,2022-01-23,502.0,119.0,62.571,,,,27621.877,6547.816,3442.909,,,,,,,,,,,,,,,,,,,,,,,,,,,,,,,,,,,,18174.0,47.237,,,,13240.405,,,15.89,7.7,22.7,,4.8,73.7,0.826,,,,
110271,PSE,2022-01-23,480583.0,,,5042.0,0.0,5.286,92017.127,,,965.391,0.0,1.012,,,,,,,,,,,,,,,,,,,,,,,,,,,,,,,,,5222756.0,778.202,20.4,3.043,1.726,4449.898,1.0,265.91,10.59,,,,,74.05,0.708,,,,
110957,PAN,2022-01-23,644683.0,17793.0,9975.286,7598.0,24.0,11.143,147134.723,4060.861,2276.64,1734.076,5.477,2.543,,,,,,,,,,,,,,,,,,,6419341.0,3097417.0,2494721.0,827203.0,2279.0,24311.0,146.51,70.69,56.94,18.88,5548.0,3485.0,0.08,,4381583.0,55.133,29.7,7.918,5.03,22267.037,2.2,128.346,8.33,2.4,9.9,,2.3,78.51,0.815,,,,
111632,PNG,2022-01-23,36446.0,0.0,1.571,596.0,0.0,0.0,3996.708,0.0,0.172,65.358,0.0,0.0,,,,,,,,,,,,,,,,,,,,,,,,,,,,,,,,,9119005.0,18.22,22.6,3.808,2.142,3823.194,,561.494,17.65,23.5,48.8,,,64.5,0.555,,,,
112320,PRY,2022-01-23,516555.0,,,16887.0,,,71548.571,,,2339.036,,,,,,,,,,,,,,,,,,,,,,,,,,,,,,,,,,,7219641.0,17.144,26.5,6.378,3.833,8827.01,1.7,199.128,8.27,5.0,21.6,79.602,1.3,74.25,0.728,,,,
113074,PER,2022-01-23,2946151.0,51936.0,48575.0,204323.0,182.0,122.714,88315.428,1556.862,1456.111,6124.898,5.456,3.679,,,,,,,,,,,,,,,,,,,,,,,,,,,,,,,,,33359415.0,25.129,29.1,7.151,4.455,12236.706,3.5,85.755,5.95,4.8,,,1.6,76.74,0.777,,,,
113799,PHL,2022-01-23,3417216.0,29692.0,30260.0,53472.0,66.0,80.714,30772.725,267.382,272.497,481.526,0.594,0.727,,,,,,,,,,,,,,,,,,,123365808.0,,57268257.0,6298336.0,,631560.0,111.09,,51.57,5.67,5687.0,,,71.76,111046910.0,351.873,25.2,4.803,2.661,7599.188,,370.437,7.07,7.8,40.8,78.463,1.0,71.23,0.718,,,,
114575,POL,2022-01-23,4518218.0,34123.0,29311.714,103844.0,25.0,219.857,119539.064,902.797,775.504,2747.414,0.661,5.817,,,,,,,,,,,,,,,,,,,,,,,,,,,,,,,,,37797000.0,124.027,41.8,16.763,10.202,27216.445,,227.331,5.91,23.3,33.1,,6.62,78.73,0.88,,,,
115269,PRT,2022-01-23,2221825.0,45569.0,48121.571,19569.0,30.0,38.0,218513.161,4481.643,4732.684,1924.582,2.95,3.737,,160.0,15.736,2219.0,218.235,,,,,,,,,,,,,,20904541.0,9555431.0,9183854.0,4425429.0,97602.0,84799.0,205.59,93.98,90.32,43.52,8340.0,900.0,0.009,,10167923.0,112.371,46.2,21.502,14.924,27936.896,0.5,127.842,9.85,16.3,30.0,,3.39,82.05,0.864,,,,
115964,QAT,2022-01-23,323345.0,2981.0,3443.286,634.0,1.0,1.143,110336.923,1017.224,1174.973,216.344,0.341,0.39,,,,,,,,,,,,,,,,,,,,,,,,,,,,,,,,,2930524.0,227.322,31.9,1.307,0.617,116935.6,,176.69,16.52,0.8,26.9,,1.2,80.23,0.848,,,,
116662,ROU,2022-01-23,2017129.0,14088.0,16243.0,59547.0,22.0,43.857,105455.513,736.521,849.184,3113.117,1.15,2.293,,,,,,,,,,,,,,,,,,,,,,,,,,,,,,,,,19127772.0,85.129,43.0,17.85,11.69,23313.199,5.7,370.946,9.74,22.9,37.1,,6.892,76.05,0.828,,,,
117386,RUS,2022-01-23,10923494.0,62695.0,43154.857,319536.0,667.0,671.143,74863.564,429.677,295.759,2189.922,4.571,4.6,,,,,,,,,,,,,,,,,,,151930977.0,75716600.0,69307145.0,8906434.0,36218.0,278721.0,104.13,51.89,47.5,6.1,1910.0,122182.0,0.084,,145912022.0,8.823,39.6,14.178,9.393,24765.954,0.1,431.297,6.18,23.4,58.3,,8.05,72.58,0.824,,,,
118067,RWA,2022-01-23,128009.0,107.0,406.143,1432.0,0.0,3.429,9641.761,8.059,30.591,107.86,0.0,0.258,,,,,,,,,,,,,,,,,,,,,,,,,,,,,,,,,13276517.0,494.869,20.3,2.974,1.642,1854.211,56.0,191.375,4.28,4.7,21.0,4.617,,69.02,0.543,,,,
118571,SHN,2022-01-23,4.0,0.0,0.0,,,,656.276,0.0,0.0,,,,,,,,,,,,,,,,,,,,,,,,,,,,,,,,,,,,6095.0,,,,,,,,,,,,,80.56,,,,,
119241,KNA,2022-01-23,5254.0,24.0,45.857,28.0,0.0,0.0,98121.242,448.213,856.407,522.915,0.0,0.0,,,,,,,,,,,,,,,,,,,,,,,,,,,,,,,,,53546.0,212.865,,,,24654.385,,,12.84,,,,2.3,76.23,0.779,,,,
119922,LCA,2022-01-23,19680.0,212.0,347.143,316.0,0.0,0.286,106723.933,1149.668,1882.543,1713.657,0.0,1.549,,,,,,,,,,,,,,,,,,,107573.0,56799.0,50774.0,,33.0,94.0,58.34,30.8,27.53,,510.0,43.0,0.023,,184401.0,293.187,34.9,9.721,6.405,12951.839,,204.62,11.62,,,87.202,1.3,76.2,0.759,,,,
120581,SPM,2022-01-23,681.0,29.0,38.0,,,,118003.812,5025.126,6584.647,,,,,,,,,,,,,,,,,,,,,,,,,,,,,,,,,,,,5771.0,,,,,,,,,,,,,81.07,,,,,
121262,VCT,2022-01-23,6615.0,0.0,4.857,90.0,0.0,0.714,59450.521,0.0,43.652,808.851,0.0,6.419,,,,,,,,,,,,,,,,,,,,,,,,,,,,,,,,,111269.0,281.787,31.8,7.724,4.832,10727.146,,252.675,11.62,,,,2.6,72.53,0.738,,,,
121694,WSM,2022-01-23,18.0,0.0,2.143,,,,89.935,0.0,10.707,,,,,,,,,,,,,,,,,,,,,,,,,,,,,,,,,,,,200144.0,69.413,22.0,5.606,3.564,6021.557,,348.977,9.21,16.7,38.1,,,73.32,0.715,,,,
122389,SMR,2022-01-23,11466.0,,,107.0,0.0,0.571,337136.136,,,3146.133,0.0,16.802,,,,,,,,,,,,,,,,,,,,,,,,,,,,,,,,,34010.0,556.667,,,,56861.47,,,5.64,,,,3.8,84.97,,,,,
123047,STP,2022-01-23,5832.0,16.0,43.857,69.0,1.0,0.429,26109.848,71.632,196.348,308.913,4.477,1.919,,,,,,,,,,,,,,,,,,,,,,,,,,,,,,,,,223364.0,212.841,18.7,2.886,2.162,3052.714,32.3,270.113,2.42,,,41.34,2.9,70.39,0.625,,,,
123740,SAU,2022-01-23,652354.0,4535.0,5274.857,8920.0,2.0,2.0,18459.011,128.322,149.257,252.4,0.057,0.057,,,,,,,,,,,,,,,,,,,55449797.0,25394077.0,23568074.0,6487646.0,608460.0,208487.0,156.9,71.86,66.69,18.36,5899.0,26769.0,0.076,49.07,35340680.0,15.322,31.9,3.295,1.845,49045.411,,259.538,17.72,1.8,25.4,,2.7,75.13,0.854,,,,
124436,SEN,2022-01-23,84295.0,177.0,226.143,1925.0,2.0,2.429,4901.924,10.293,13.151,111.943,0.116,0.141,,,,,,,,,,,,,,,,,,,,,,,,,,,,,,,,,17196308.0,82.328,18.7,3.008,1.796,2470.58,38.0,241.219,2.42,0.4,16.6,20.859,,67.94,0.512,,,,
125134,SRB,2022-01-23,1544900.0,12159.0,15500.714,13271.0,32.0,28.571,224825.647,1769.471,2255.782,1931.297,4.657,4.158,,115.0,16.736,2841.0,413.444,,,,,,,,,,,,,,,,,,,,,,,,,,,,6871547.0,80.291,41.2,17.366,,14048.881,,439.415,10.08,37.7,40.2,97.719,5.609,76.0,0.806,,,,
125814,SYC,2022-01-23,34367.0,,,143.0,0.0,1.0,347457.284,,,1445.759,0.0,10.11,,,,,,,,,,,,,,,,,,,,,,,,,,,,,,,,,98910.0,208.354,36.2,8.606,5.586,26382.287,1.1,242.648,10.55,7.1,35.7,,3.6,73.4,0.796,,,,
126478,SLE,2022-01-23,7590.0,6.0,6.857,125.0,0.0,0.0,932.279,0.737,0.842,15.354,0.0,0.0,,,,,,,,,,,,,,,,,,,,,,,,,,,,,,,,,8141343.0,104.7,19.1,2.538,1.285,1390.3,52.2,325.721,2.42,8.8,41.3,19.275,,54.7,0.452,,,,
127210,SGP,2022-01-23,313772.0,3496.0,3131.857,848.0,1.0,0.714,57534.839,641.044,574.273,155.494,0.183,0.131,,7.0,1.284,426.0,78.114,,,,,,,,,,,,,,,,,,,,,,,,,,,,5453600.0,7915.731,42.4,12.922,7.049,85535.383,,92.243,10.99,5.2,28.3,,2.4,83.62,0.938,,,,
128152,SVK,2022-01-23,1462998.0,8377.0,6473.0,17643.0,31.0,49.0,268475.961,1537.27,1187.866,3237.681,5.689,8.992,,,,,,,,,,,,,,,,,,,,,,,,,,,,,,,,40.74,5449270.0,113.128,41.2,15.07,9.167,30155.152,0.7,287.959,7.29,23.1,37.7,,5.82,77.54,0.86,,,,
128874,SVN,2022-01-23,603341.0,13883.0,10001.0,5772.0,21.0,10.571,290245.983,6678.62,4811.127,2776.705,10.102,5.086,,,,,,,,,,,,,,,,,,,2893031.0,,,,0.0,2886.0,139.17,,,,1388.0,,,,2078723.0,102.619,44.5,19.062,12.93,31400.84,,153.493,7.25,20.1,25.0,,4.5,81.32,0.917,,,,
129343,SLB,2022-01-23,289.0,,,,,,410.514,,,,,,,,,,,,,,,,,,,,,,,,,,,,,,,,,,,,,,703995.0,21.841,20.8,3.507,2.043,2205.923,25.1,459.78,18.68,,,35.89,1.4,73.0,0.567,,,,
130022,SOM,2022-01-23,24322.0,0.0,8.714,1335.0,0.0,0.0,1486.72,0.0,0.533,81.604,0.0,0.0,,,,,,,,,,,,,,,,,,,,,,,,,,,,,,,,,16359500.0,23.5,16.8,2.731,1.496,,,365.769,6.05,,,9.831,0.9,57.4,,,,,
130739,ZAF,2022-01-23,3581359.0,1931.0,3152.429,94177.0,114.0,116.143,59647.567,32.161,52.504,1568.519,1.899,1.934,,,,,,,,,,,,,,,,,,,,,,,,,,,,,,,,,60041996.0,46.754,27.3,5.344,3.053,12294.876,18.9,200.38,5.52,8.1,33.2,43.993,2.32,64.13,0.709,,,,
132174,KOR,2022-01-23,741413.0,7511.0,6483.0,6565.0,25.0,33.143,14451.035,146.398,126.361,127.96,0.487,0.646,,431.0,8.401,,,,,4414.0,86.034,,,,,,,,,,112106329.0,44569299.0,43803685.0,25245905.0,15555.0,320989.0,218.51,86.87,85.38,49.21,6256.0,10585.0,0.021,45.37,51305184.0,527.967,43.4,13.914,8.622,35938.374,0.2,85.998,6.8,6.2,40.9,,12.27,83.03,0.916,,,,
132833,SSD,2022-01-23,16673.0,0.0,26.286,137.0,0.0,0.143,1464.937,0.0,2.31,12.037,0.0,0.013,,,,,,,,,,,,,,,,,,,,,,,,,,,,,,,,,11381377.0,,19.2,3.441,2.032,1569.888,,280.775,10.43,,,,,57.85,0.433,,,,
133556,ESP,2022-01-23,8975458.0,,,91741.0,,,192008.075,,,1962.575,,,,2261.0,48.369,17356.0,371.289,1236.0,26.441,14691.0,314.278,,,,,,,,,,,,,,,,,,,,,,,43.52,46745211.0,93.105,45.5,19.436,13.799,34272.36,1.0,99.403,7.17,27.4,31.4,,2.97,83.56,0.904,,,,
134284,LKA,2022-01-23,601886.0,838.0,791.286,15299.0,15.0,12.571,27998.206,38.982,36.809,711.671,0.698,0.585,,,,,,,,,,,,,,,,,,,35220490.0,16420801.0,13883259.0,4916430.0,51360.0,64861.0,163.84,76.39,64.58,22.87,3017.0,31455.0,0.146,,21497306.0,341.955,34.1,10.069,5.331,11669.077,0.7,197.093,10.68,0.3,27.0,,3.6,76.98,0.782,,,,
134966,SDN,2022-01-23,53959.0,,,3393.0,0.0,5.0,1201.509,,,75.552,0.0,0.111,,,,,,,,,,,,,,,,,,,,,,,,,,,,,,,,,44909351.0,23.258,19.7,3.548,2.034,4466.507,,431.388,15.67,,,23.437,0.8,65.31,0.51,,,,
135647,SUR,2022-01-23,70074.0,333.0,885.143,1239.0,2.0,3.714,118408.646,562.692,1495.684,2093.62,3.38,6.276,,,,,,,,,,,,,,,,,,,,,,,,,,,,,,,,,591798.0,3.612,29.6,6.933,4.229,13767.119,,258.314,12.54,7.4,42.9,67.779,3.1,71.68,0.738,,,,
136370,SWE,2022-01-23,1784005.0,,,15674.0,,,175588.295,,,1542.692,,,,121.0,11.909,1606.0,158.068,,,,,,,,,,,,,,,,,,,,,,,,,,,,10160159.0,24.718,41.0,19.985,13.433,46949.283,0.5,133.982,4.79,18.8,18.9,,2.22,82.8,0.945,,,,
137069,CHE,2022-01-23,1879319.0,,,12586.0,4.0,16.714,215629.659,,,1444.095,0.459,1.918,,230.0,26.39,1904.0,218.462,,,,,,,,,,,,,,,,,,,,,,,,,,,,8715494.0,214.243,43.1,18.436,12.644,57410.166,,99.739,5.59,22.6,28.9,,4.53,83.78,0.955,,,,
137742,SYR,2022-01-23,50985.0,42.0,39.286,2968.0,3.0,3.0,2789.769,2.298,2.15,162.401,0.164,0.164,,,,,,,,,,,,,,,,,,,,,,,,,,,,,,,,,18275704.0,,21.7,,2.577,,,376.264,,,,70.598,1.5,72.7,0.567,,,,
138481,TWN,2022-01-23,18325.0,87.0,72.143,851.0,0.0,0.0,768.183,3.647,3.024,35.674,0.0,0.0,,,,,,,,,,,,,,,,,,,40209215.0,18971987.0,17203039.0,4034189.0,,391494.0,168.56,79.53,72.11,16.91,16411.0,15155.0,0.064,,23855008.0,,42.2,,8.353,,,103.957,,,,,,80.46,,,,,
139114,TJK,2022-01-23,17493.0,0.0,0.0,125.0,0.0,0.0,1794.223,0.0,0.0,12.821,0.0,0.0,,,,,,,,,,,,,,,,,,,,,,,,,,,,,,,,,9749625.0,64.281,23.3,3.466,2.155,2896.913,4.8,427.698,7.11,,,72.704,4.8,71.1,0.668,,,,
139793,TZA,2022-01-23,32393.0,,,753.0,0.0,1.857,526.729,,,12.244,0.0,0.03,,,,,,,,,,,,,,,,,,,,,,,,,,,,,,,,,61498438.0,64.699,17.7,3.108,1.874,2683.304,49.1,217.288,5.75,3.3,26.7,47.953,0.7,65.46,0.529,,,,
140544,THA,2022-01-23,2384639.0,7139.0,10860.571,22045.0,13.0,17.143,34090.211,102.057,155.26,315.15,0.186,0.245,,,,,,,,,,,,,,,,,,,,,,,,,,,,,,,,,69950844.0,135.132,40.1,11.373,6.89,16277.671,0.1,109.861,7.04,1.9,38.8,90.67,2.1,77.15,0.777,,,,
141217,TLS,2022-01-23,19868.0,2.0,0.714,122.0,0.0,0.0,14784.113,1.488,0.532,90.782,0.0,0.0,,,,,,,,,,,,,,,,,,,,,,,,,,,,,,,,,1343875.0,87.176,18.0,3.556,1.897,6570.102,30.3,335.346,6.86,6.3,78.1,28.178,5.9,69.5,0.606,,,,
141908,TGO,2022-01-23,36313.0,33.0,51.857,266.0,0.0,0.714,4283.081,3.892,6.116,31.374,0.0,0.084,,,,,,,,,,,,,,,,,,,,,,,,,,,,,,,,43.52,8478242.0,143.366,19.4,2.839,1.525,1429.813,49.2,280.033,6.15,0.9,14.2,10.475,0.7,61.04,0.515,,,,
142301,TON,2022-01-23,1.0,0.0,0.0,,,,9.367,0.0,0.0,,,,,,,,,,,,,,,,,,,,,,,,,,,,,,,,,,,,106759.0,150.028,22.3,5.82,4.032,5425.621,,227.49,15.42,11.8,44.4,,2.6,70.91,0.725,,,,
142982,TTO,2022-01-23,106417.0,448.0,774.714,3302.0,16.0,15.0,75829.394,319.231,552.037,2352.901,11.401,10.689,,,,,,,,,,,,,,,,,,,1467227.0,730588.0,684141.0,105157.0,934.0,1814.0,104.55,52.06,48.75,7.49,1293.0,444.0,0.032,,1403374.0,266.886,36.2,10.014,5.819,28763.071,,228.467,10.97,,,89.443,3.0,73.51,0.796,,,,
143673,TUN,2022-01-23,846761.0,,,25954.0,,,70943.175,,,2174.473,,,,,,,,,,,,,,,,,,,,,,,,,,,,,,,,,,,11935764.0,74.228,32.7,8.001,5.075,10849.297,2.0,318.991,8.52,1.1,65.8,78.687,2.3,76.7,0.74,,,,
144357,TUR,2022-01-23,10947129.0,65503.0,69995.0,85969.0,185.0,173.0,128725.033,770.236,823.057,1010.892,2.175,2.034,,,,,,,,,,,,,,,,,,,140743552.0,57336203.0,52262703.0,31144646.0,77888.0,216195.0,165.5,67.42,61.45,36.62,2542.0,11849.0,0.014,54.63,85042736.0,104.914,31.6,8.153,5.061,25129.341,0.2,171.285,12.13,14.1,41.1,,2.81,77.69,0.82,,,,
145207,TCA,2022-01-23,5524.0,0.0,59.143,34.0,1.0,0.571,140824.963,0.0,1507.746,866.772,25.493,14.568,,,,,,,,,,,,,,,,,,,,,,,,,,,,,,,,,39226.0,37.312,,,,,,,,,,,,80.22,,,,,
146060,UGA,2022-01-23,160352.0,206.0,302.0,3474.0,9.0,9.0,3402.801,4.371,6.409,73.721,0.191,0.191,,,,,,,,,,,,,,,,,,,,,,,,,,,,,,,,,47123533.0,213.759,16.4,2.168,1.308,1697.707,41.6,213.333,2.5,3.4,16.7,21.222,0.5,63.37,0.544,,,,
146752,UKR,2022-01-23,4042152.0,15954.0,15081.429,105791.0,98.0,146.571,92993.962,367.039,346.964,2433.833,2.255,3.372,,,,,,,,,,,,,,,,,,,29627296.0,15164116.0,14483860.0,,17115.0,52372.0,68.16,34.89,33.32,,1205.0,24434.0,0.056,,43466822.0,77.39,41.4,16.462,11.133,7894.393,0.1,539.849,7.11,13.5,47.4,,8.8,72.06,0.779,,,,
147478,ARE,2022-01-23,825699.0,2813.0,2921.571,2214.0,3.0,3.286,82643.593,281.551,292.418,221.598,0.3,0.329,,,,,,,,,,,,,,,,,,,23288395.0,9890595.0,9257597.0,4140203.0,32775.0,33951.0,233.09,98.99,92.66,41.44,3398.0,53.0,0.001,,9991083.0,112.442,34.0,1.144,0.526,67293.483,,317.84,17.26,1.2,37.4,,1.2,77.97,0.89,,,,
148202,GBR,2022-01-23,15897520.0,74800.0,92048.143,153988.0,75.0,268.429,233077.154,1096.66,1349.539,2257.653,1.1,3.935,,,,,,,,,,,,,,,,,,,,,,,,,,,,,,,,,68207114.0,272.898,40.8,18.517,12.527,39753.244,0.2,122.137,4.28,20.0,24.7,,2.54,81.32,0.932,,,,
148935,USA,2022-01-23,70700678.0,204804.0,681446.0,866540.0,572.0,2033.0,212368.509,615.184,2046.906,2602.886,1.718,6.107,,,,,,,,,,,,,,,,,,,534608709.0,250763600.0,209595384.0,83792914.0,0.0,507539.0,161.02,75.53,63.13,25.24,1529.0,138668.0,0.042,,332915074.0,35.608,38.3,15.413,9.732,54225.446,1.2,151.089,10.79,19.1,24.6,,2.77,78.86,0.926,,,,
150350,URY,2022-01-23,588995.0,8929.0,10879.143,6308.0,5.0,9.286,169001.237,2562.012,3121.569,1809.964,1.435,2.664,,,,,,,,,,,,,,,,,,,7286527.0,2849536.0,2688073.0,1748918.0,0.0,19858.0,209.07,81.76,77.13,50.18,5698.0,5951.0,0.171,,3485152.0,19.751,35.6,14.655,10.361,20551.409,0.1,160.708,6.93,14.0,19.9,,2.8,77.91,0.817,,,,
151030,UZB,2022-01-23,213767.0,1478.0,1240.286,1540.0,4.0,3.571,6299.165,43.553,36.548,45.38,0.118,0.105,,,,,,,,,,,,,,,,,,,41372753.0,19179182.0,,,114103.0,102138.0,121.91,56.52,,,3010.0,17927.0,0.053,,33935765.0,76.134,28.2,4.469,2.873,6253.104,,724.417,7.57,1.3,24.7,,4.0,71.72,0.72,,,,
151470,VUT,2022-01-23,7.0,0.0,0.0,1.0,0.0,0.0,22.26,0.0,0.0,3.18,0.0,0.0,,,,,,,,,,,,,,,,,,,,,,,,,,,,,,,,,314464.0,22.662,23.1,4.394,2.62,2921.909,13.2,546.3,12.02,2.8,34.5,25.209,,70.47,0.609,,,,
152159,VAT,2022-01-23,29.0,0.0,0.286,,,,35714.286,0.0,351.865,,,,,,,,,,,,,,,,,,,,,,,,,,,,,,,,,,,,812.0,,,,,,,,,,,,,75.12,,,,,
152840,VEN,2022-01-23,469566.0,1702.0,2077.571,5405.0,3.0,3.571,16358.365,59.293,72.377,188.295,0.105,0.124,,,,,,,,,,,,,,,,,,,,,,,,,,,,,,,,,28704947.0,36.253,29.0,6.614,3.915,16745.022,,204.85,6.47,,,,0.8,72.06,0.711,,,,
153572,VNM,2022-01-23,2141422.0,14978.0,16839.429,36719.0,123.0,158.571,21813.666,152.574,171.535,374.039,1.253,1.615,,,,,,,,,,,,,,,,,,,,,,,,,,,,,,,,,98168829.0,308.127,32.6,7.15,4.718,6171.884,2.0,245.465,6.0,1.0,45.9,85.847,2.6,75.4,0.704,,,,
154034,WLF,2022-01-23,454.0,0.0,0.0,7.0,0.0,0.0,40923.021,0.0,0.0,630.972,0.0,0.0,,,,,,,,,,,,,,,,,,,,,,,,,,,,,,,,,11094.0,,,,,,,,,,,,,79.94,,,,,
155421,YEM,2022-01-23,10585.0,0.0,47.571,1995.0,0.0,0.714,347.156,0.0,1.56,65.43,0.0,0.023,,,,,,,,,,,,,,,,,,,,,,,,,,,,,,,,,30490639.0,53.508,20.3,2.922,1.583,1479.147,18.8,495.003,5.35,7.6,29.2,49.542,0.7,66.12,0.47,,,,
156098,ZMB,2022-01-23,301630.0,427.0,785.429,3895.0,5.0,5.0,15941.835,22.568,41.512,205.86,0.264,0.264,,,,,,,,,,,,,,,,,,,,,,,,,,,,,,,,,18920657.0,22.995,17.7,2.48,1.542,3689.251,57.5,234.499,3.94,3.1,24.7,13.938,2.0,63.89,0.584,,,,
156773,ZWE,2022-01-23,228254.0,75.0,310.857,5294.0,2.0,6.714,15124.0,4.969,20.597,350.778,0.133,0.445,,,,,,,,,,,,,,,,,,,,,,,,,,,,,,,,,15092171.0,42.729,19.6,2.822,1.882,1899.775,21.4,307.846,1.82,1.6,30.7,36.791,1.7,61.49,0.571,,,,
